Dominical,03-01-2011,7219,CDCC,12,2,1850,0903
Intermedio,06-01-2011,7940,BCAD,9,8,1855,8009
Dominical,10-01-2011,7141,CABB,2,2,4313,3585
Intermedio,13-01-2011,8546,CCBA,11,7,3998,9140
Dominical,16-01-2011,4856,ABCD,2,6,8174,6148
Intermedio,19-01-2011,7067,DAAA,13,9,2583,7658
Dominical,23-01-2011,3192,CACA,8,15,6329,6802
Intermedio,26-01-2011,128,DDAD,15,8,7152,8099
Zodiaco,28-01-2011,8356,BBDB,4,13,14,25
Intermedio,02-02-2011,5097,DDDB,8,11,0525,3679
Dominical,06-02-2011,5821,CDBB,17,13,0075,4087
Intermedio,09-02-2011,2015,DDAC,12,15,1840,1836
Dominical,13-02-2011,4432,ABDD,19,11,2844,7862
Intermedio,16-02-2011,8667,DCCA,12,12,8897,3895
Dominical,20-02-2011,3645,DCBC,5,9,7305,4909
Intermedio,23-02-2011,4372,ACAC,9,7,0682,8240
Zodiaco,25-02-2011,986,ADDC,4,10,36,49
Intermedio,02-03-2011,5938,ABBA,10,13,1011,5178
Dominical,06-03-2011,5495,DCAC,7,15,9560,6332
Intermedio,10-03-2011,1385,DCDC,7,11,4613,3978
Dominical,13-03-2011,5017,DCDA,6,6,5925,2566
Intermedio,16-03-2011,4519,BAAC,3,9,8921,1723
Dominical,20-03-2011,5273,AAAD,9,9,8356,8973
Intermedio,23-03-2011,462,BDCA,10,14,7772,9777
Dominical,27-03-2011,5697,CABD,8,2,2918,7401
Zodiaco,01-04-2011,3819,BABA,1,19,50,77
Dominical,03-04-2011,4032,DDDB,16,2,2528,7895
Intermedio,06-04-2011,8933,DADD,4,14,2026,7437
Dominical,10-04-2011,9358,DACB,5,12,2856,1781
Intermedio,13-04-2011,3907,AABC,7,4,2577,6073
Extraordinaria,17-04-2011,73717,BBBC,1,2,09958,45344
Intermedio,20-04-2011,1297,ACCA,11,8,5350,3402
Dominical,25-04-2011,3943,CCCB,18,6,4580,7353
Dominical,02-05-2011,4395,DACA,19,15,1317,0514
Intermedio,05-05-2011,5958,BABD,7,5,6114,8404
Dominical,08-05-2011,1326,DDBB,18,8,2898,3516
Intermedio,11-05-2011,3207,DCCC,3,8,6106,7616
Zodiaco,13-05-2011,1117,BBBB,4,15,58,73
Dominical,15-05-2011,5217,DDCD,1,14,0072,0643
Intermedio,18-05-2011,200,BAAB,14,13,7935,8693
Dominical,22-05-2011,5201,BCDC,7,12,5187,9877
Intermedio,25-05-2011,2788,BCCC,7,13,3785,5541
Intermedio,01-06-2011,8753,CDDA,8,3,9309,5790
Zodiaco,03-06-2011,7783,DBDA,5,11,59,66
Dominical,05-06-2011,6821,DCCB,15,7,8076,1960
Intermedio,08-06-2011,6092,BAAB,1,1,4261,3281
Dominical,12-06-2011,7650,DDDA,13,4,6241,7490
Intermedio,15-06-2011,2604,BCAC,7,6,5941,3490
Dominical,19-06-2011,351,DCAC,4,12,5160,7603
Intermedio,22-06-2011,2265,DCBB,1,10,4976,2022
Dominical,26-06-2011,5407,BCDC,2,3,2961,6047
Zodiaco,01-07-2011,753,CACC,7,14,48,00
Dominical,03-07-2011,4700,ABBB,7,2,9954,5708
Intermedio,06-07-2011,2245,ADCC,5,10,2643,6108
Dominical,10-07-2011,6078,AAAC,17,9,4264,2877
Intermedio,13-07-2011,1394,DBCD,1,2,8024,8538
Dominical,17-07-2011,1099,ACAB,3,4,7227,7280
Intermedio,20-07-2011,1896,DBAC,12,10,8244,6479
Dominical,24-07-2011,2219,BDCA,5,1,9003,5921
Intermedio,27-07-2011,7731,CDDA,2,6,3264,2649
Intermedio,03-08-2011,6218,ADBD,11,5,8738,3614
Zodiaco,05-08-2011,6639,ADCC,3,18,30,99
Dominical,07-08-2011,7259,ABBB,1,6,9087,6291
Intermedio,10-08-2011,5865,DDCD,2,10,5043,4977
Extraordinaria,14-08-2011,18256,DACD,2,15,16019,46411
Intermedio,17-08-2011,6843,ABAC,15,10,3869,8777
Dominical,21-08-2011,713,CBBA,9,13,1301,6023
Intermedio,24-08-2011,1639,CCAD,14,3,4678,9387
Dominical,28-08-2011,5655,CABC,12,3,8834,8610
Zodiaco,02-09-2011,9468,DDAB,3,14,94,82
Dominical,04-09-2011,5725,CCDC,17,5,1944,0161
Intermedio,07-09-2011,4490,ADBD,15,15,2477,9198
Dominical,11-09-2011,9858,ADCB,17,9,6799,2693
Intermedio,14-09-2011,568,ADAD,3,5,7110,6324
Dominical,18-09-2011,5056,DBBD,6,5,8951,0859
Intermedio,21-09-2011,3853,BBBA,3,9,8706,6732
Dominical,25-09-2011,8523,CCBA,14,15,2132,7640
Intermedio,28-09-2011,493,BADD,8,7,0166,5880
Dominical,02-10-2011,6924,BDAA,16,10,7972,8347
Intermedio,05-10-2011,84,DDAB,6,6,3936,0540
Dominical,09-10-2011,8677,BACA,18,14,0381,1662
Intermedio,12-10-2011,3011,BDDA,6,13,6645,8894
Dominical,16-10-2011,8763,BDDA,3,2,7423,4895
Intermedio,19-10-2011,3007,CBBA,3,15,2569,4586
Dominical,23-10-2011,2513,AAAA,5,3,5344,1857
Intermedio,26-10-2011,4291,CBAB,10,15,6488,2047
Zodiaco,28-10-2011,2898,CDBC,7,6,35,62
Intermedio,02-11-2011,3812,DCDA,6,13,8848,3596
Dominical,06-11-2011,101,ACDB,18,14,9937,3202
Intermedio,09-11-2011,9613,DADC,3,1,1230,3199
Dominical,13-11-2011,4973,CBBB,8,13,3222,8579
Intermedio,16-11-2011,5703,CBBC,5,1,4180,6060
Dominical,20-11-2011,7737,BCBB,1,4,4061,2325
Intermedio,23-11-2011,2062,CBAB,5,5,8309,0067
Zodiaco,25-11-2011,6783,BCCC,6,18,52,10
Dominical,27-11-2011,7257,DDCA,10,7,7779,6750
Dominical,04-12-2011,988,BCCC,5,3,9529,7952
Intermedio,07-12-2011,9540,CBDC,15,8,8890,1919
Dominical,11-12-2011,1789,AACD,8,1,9971,5967
Intermedio,14-12-2011,7831,CCAD,1,13,3854,3117
Extraordinaria,18-12-2011,2666,DCAC,1,1,92916,73652
Intermedio,21-12-2011,8168,CCDA,10,10,7209,0978
Dominical,24-12-2011,591,BCAD,12,6,3460,3477
Intermedio,28-12-2011,6302,BABD,15,14,3093,7359
Dominical,02-01-2012,4904,ADDD,6,4,2191,0920
Intermedio,05-01-2012,6492,ABAC,13,12,1210,5648
Dominical,08-01-2012,25,CCCB,12,15,3591,2099
Intermedio,11-01-2012,1147,CDDC,7,12,7003,6835
Dominical,15-01-2012,7401,CCBB,19,15,5885,2550
Intermedio,18-01-2012,1539,CDDB,15,7,6085,9737
Dominical,22-01-2012,1182,CCAB,2,10,5576,4057
Intermedio,25-01-2012,983,AACB,13,9,7486,7778
Zodiaco,27-01-2012,6366,ADCB,7,1,13,94
Intermedio,01-02-2012,8060,ACAB,14,7,2008,3194
Dominical,05-02-2012,4146,ACCB,8,5,8211,4943
Intermedio,08-02-2012,1640,BDBC,2,6,7300,9264
Dominical,12-02-2012,4715,bdad,1,15,4165,3733
Intermedio,15-02-2012,3141,CDAB,6,15,7394,0552
Dominical,18-02-2012,6586,AABD,14,5,4220,8284
Intermedio,23-02-2012,4014,BDDD,3,12,7909,4463
Dominical,26-02-2012,3422,DDBC,3,12,4120,6540
Zodiaco,02-03-2012,8890,CDCC,5,7,81,81
Dominical,04-03-2012,8058,BCCC,17,2,8957,5974
Intermedio,07-03-2012,6682,BDBC,15,11,2601,7190
Dominical,11-03-2012,6657,DBDC,10,13,6603,6162
Intermedio,14-03-2012,9285,DCBC,7,10,9039,9675
Dominical,18-03-2012,9356,ACDD,11,14,9777,2951
Intermedio,21-03-2012,1980,DABB,13,6,1217,3310
Dominical,25-03-2012,4867,CCCC,15,2,3970,5076
Intermedio,28-03-2012,9196,BBAC,15,2,2944,4884
Dominical,01-04-2012,7213,ABDD,7,9,0212,4397
Intermedio,04-04-2012,4257,ABBA,1,15,5370,5730
Dominical,09-04-2012,5095,CCAC,7,12,4841,8196
Intermedio,11-04-2012,2539,BBAA,8,15,2792,1826
Extraordinaria,15-04-2012,52083,BCDD,2,10,78520,34251
Intermedio,18-04-2012,3193,BCDB,14,7,4049,8854
Dominical,22-04-2012,89,AABB,5,1,0893,2093
Intermedio,25-04-2012,8683,CBDC,3,11,1730,5976
Intermedio,02-05-2012,9924,CBCB,11,15,4643,4672
Dominical,06-05-2012,1418,AABA,17,5,3254,9721
Intermedio,10-05-2012,9576,DDBC,7,10,4623,5741
Dominical,13-05-2012,9326,CACC,1,14,9083,6105
Intermedio,16-05-2012,999,CACB,11,6,5405,4350
Dominical,20-05-2012,5886,DDDA,11,5,4557,8925
Intermedio,23-05-2012,7246,CBDD,14,2,0419,6767
Dominical,27-05-2012,31,AAAD,9,1,6967,7972
Dominical,03-06-2012,5580,BBBB,5,14,9323,9437
Intermedio,06-06-2012,1233,BCCA,6,6,3467,0277
Dominical,10-06-2012,3668,ADDA,16,4,5060,2074
Intermedio,13-06-2012,7460,BBBA,11,3,4951,9201
Dominical,17-06-2012,6311,AACB,4,2,2033,3326
Intermedio,20-06-2012,8094,BABD,5,12,8529,1114
Dominical,24-06-2012,4570,CDCC,1,8,6643,3327
Dominical,01-07-2012,3142,BBAD,11,4,5351,4502
Intermedio,04-07-2012,9355,CBBD,12,9,9537,7863
Dominical,08-07-2012,4887,DDCA,8,10,1167,3605
Intermedio,11-07-2012,8725,BDAB,5,2,3230,7074
Dominical,15-07-2012,8630,BCDB,16,8,7941,7222
Intermedio,18-07-2012,3698,DDBB,11,4,7735,1553
Dominical,23-07-2012,2938,BCCB,14,4,3334,8003
Intermedio,25-07-2012,7379,DDCA,13,14,7388,9797
Intermedio,01-08-2012,1090,BADD,1,4,2610,9695
Dominical,05-08-2012,2803,BADB,15,1,5900,5317
Intermedio,08-08-2012,8174,BBAD,10,6,9720,6561
Dominical,12-08-2012,9150,CDAC,11,9,5776,6572
Intermedio,15-08-2012,1048,CCAA,1,3,9066,5112
Extraordinaria,19-08-2012,2806,CDAA,2,2,13887,66701
Intermedio,22-08-2012,3730,DDDD,6,2,2392,0197
Dominical,26-08-2012,8027,BBBD,1,9,1757,0234
Dominical,02-09-2012,9652,DCBD,17,10,9704,3725
Intermedio,05-09-2012,3129,BDCC,3,1,5233,0468
Dominical,09-09-2012,3449,CADD,12,8,5184,8007
Intermedio,12-09-2012,2941,BBBA,7,9,2777,9549
Dominical,16-09-2012,8042,BCBC,4,14,4107,1407
Intermedio,19-09-2012,6011,BDAA,3,12,4343,0189
Dominical,23-09-2012,6876,DBDD,9,4,5191,0765
Intermedio,26-09-2012,4305,BCDB,3,10,5737,1017
Zodiaco,28-09-2012,8630,BABB,8,18,96,24
Intermedio,03-10-2012,995,DACB,1,13,1193,4010
Dominical,07-10-2012,4375,ADAD,16,8,4902,8731
Intermedio,10-10-2012,4808,DCDC,7,6,0329,2285
Dominical,14-10-2012,3587,DBCB,1,15,9526,7385
Intermedio,17-10-2012,6374,ACBA,15,11,6735,8829
Dominical,21-10-2012,8418,ACCD,11,6,0307,8390
Intermedio,24-10-2012,422,CDBB,7,6,3890,6415
Zodiaco,26-10-2012,1727,BAAC,1,1,63,99
Dominical,28-10-2012,7886,CBCB,15,2,0110,8909
Dominical,04-11-2012,1728,DCCB,3,2,2569,0983
Intermedio,07-11-2012,3240,BCDC,4,15,4566,2422
Dominical,11-11-2012,4366,BCAC,4,2,6776,3734
Intermedio,14-11-2012,8326,CDCC,6,12,6115,0535
Zodiaco,16-11-2012,5052,DBAA,8,23,82,95
Dominical,18-11-2012,6369,BDAA,18,15,7355,8924
Intermedio,21-11-2012,7821,CDBC,13,11,7172,6409
Dominical,25-11-2012,6253,DDAD,20,9,2892,5889
Dominical,02-12-2012,4547,DADA,10,1,5171,3617
Intermedio,05-12-2012,3960,ACCD,6,13,3621,5402
Dominical,09-12-2012,5840,ACAA,12,8,7424,0921
Intermedio,12-12-2012,6289,CBBA,13,10,4894,9463
Extraordinaria,16-12-2012,92895,ADCB,1,17,95454,86562
Intermedio,19-12-2012,1914,CABA,14,12,5954,9960
Dominical,23-12-2012,1733,CACB,18,13,0759,7277
Intermedio,26-12-2012,231,CABD,10,11,2084,4722
Zodiaco,28-12-2012,3433,DDBA,3,16,60,62
Intermedio,03-01-2013,4016,BCDD,12,13,5619,8134
Dominical,06-01-2013,9753,DDCC,14,4,9782,3224
Intermedio,10-01-2013,2424,ABCC,10,7,2058,0838
Dominical,13-01-2013,5733,DAAC,7,1,2735,1483
Intermedio,16-01-2013,6838,CCBD,1,13,1854,6553
Dominical,20-01-2013,2610,BCBA,5,11,2057,9630
Intermedio,23-01-2013,4901,ABAA,2,1,7597,7962
Dominical,27-01-2013,8566,DBDC,13,9,5292,3298
Zodiaco,01-02-2013,4216,DADC,9,20,89,85
Dominical,03-02-2013,916,BDDB,2,2,7111,5305
Intermedio,06-02-2013,2433,AACB,8,13,4408,6745
Dominical,09-02-2013,8638,DCAD,18,15,6134,8171
Intermedio,14-02-2013,2015,DDAB,13,14,6594,5809
Dominical,17-02-2013,7255,DDCD,19,9,1729,8980
Intermedio,20-02-2013,8403,BDAC,3,15,5412,6665
Dominical,24-02-2013,8661,CBAD,18,13,1948,1284
Zodiaco,01-03-2013,4589,DBDB,04,22,31,05
Dominical,04-03-2013,3627,CDCC,8,7,9956,5146
Intermedio,06-03-2013,7304,CADD,12,15,4073,5698
Dominical,10-03-2013,7456,BACA,14,10,1280,2497
Intermedio,13-03-2013,7558,DBBD,4,8,2543,7478
Dominical,18-03-2013,939,BCBA,11,15,3723,8433
Intermedio,20-03-2013,8002,DDDA,8,1,4591,7186
Zodiaco,22-03-2013,4602,DDBC,1,15,03,37
Dominical,24-03-2013,6469,ACDD,4,9,2817,1396
Dominical,01-04-2013,1695,BAAD,7,4,9186,3304
Intermedio,04-04-2013,3645,CBDD,10,8,7151,2611
Dominical,07-04-2013,9367,CDCA,10,15,6051,3622
Intermedio,10-04-2013,804,BDAD,14,8,9685,4463
Extraordinaria,14-04-2013,2318,ABCB,02,14,41087,41380
Intermedio,17-04-2013,37,DCBA,15,13,0280,5065
Dominical,21-04-2013,666,DCAD,14,2,3145,7977
Intermedio,24-04-2013,7850,DDCB,13,14,1416,1157
Zodiaco,26-04-2013,4976,DACD,5,19,76,76
Intermedio,02-05-2013,8465,CACC,6,1,6122,0927
Dominical,05-05-2013,8569,BCAD,2,3,7359,6960
Intermedio,08-05-2013,937,DACA,12,10,5560,2502
Dominical,12-05-2013,4201,BBAA,11,10,3927,6722
Intermedio,15-05-2013,4929,ADCB,9,11,3547,5070
Dominical,19-05-2013,850,BCCC,6,15,5623,4527
Intermedio,22-05-2013,7855,ABBB,11,10,3221,1675
Dominical,26-05-2013,8430,ABBA,3,3,2494,5383
Intermedio,29-05-2013,1023,ACCD,7,6,1450,0554
Dominical,02-06-2013,2968,AABB,3,5,7720,9877
Intermedio,05-06-2013,5217,CDDB,1,12,3146,8531
Dominical,09-06-2013,9173,CCAA,1,9,7773,9189
Intermedio,12-06-2013,6557,BACC,15,10,9685,5102
Dominical,16-06-2013,8104,BADA,13,8,2149,0940
Intermedio,19-06-2013,1398,DCBB,12,9,0602,9603
Dominical,23-06-2013,4497,BDAD,11,1,3171,1597
Intermedio,26-06-2013,5004,BADD,2,9,6489,3600
Zodiaco,28-06-2013,8396,ACDC,4,18,64,15
Intermedio,03-07-2013,6722,BBCD,4,9,6038,0891
Dominical,07-07-2013,9728,BCDA,14,2,5737,7139
Intermedio,10-07-2013,588,ABCC,10,6,4961,9108
Dominical,14-07-2013,5490,DACB,16,11,0732,3408
Intermedio,17-07-2013,3917,CDCC,1,5,6769,0342
Dominical,21-07-2013,2560,DDAA,15,11,5056,2707
Intermedio,24-07-2013,4342,DBDC,7,2,8959,0984
Zodiaco,26-07-2013,4287,BCBC,4,14,93,56
Dominical,28-07-2013,5639,ABDB,15,15,4039,3552
Dominical,04-08-2013,4452,BDCA,9,13,2849,4067
Intermedio,07-08-2013,6867,DDAD,10,11,6806,7710
Dominical,11-08-2013,4678,BCAA,12,9,9574,9656
Intermedio,14-08-2013,9621,BACD,5,12,2178,5374
Extraordinaria,18-08-2013,99173,DDDD,1,7,24750,00357
Intermedio,21-08-2013,7986,BABC,9,3,8830,4374
Dominical,25-08-2013,7593,DABD,11,1,0706,0395
Intermedio,28-08-2013,7937,CCAB,14,8,8773,9177
Dominical,01-09-2013,677,DDBC,4,13,7260,8783
Intermedio,04-09-2013,1580,DBCB,13,7,0879,5778
Dominical,08-09-2013,8673,CDCD,8,6,9201,9579
Intermedio,11-09-2013,8373,BADC,16,1,4003,5546
Dominical,15-09-2013,5740,BCAB,4,9,5647,2197
Intermedio,18-09-2013,6671,ABDB,7,5,6616,2022
Dominical,22-09-2013,7341,AAAD,21,13,1701,2779
Intermedio,25-09-2013,8587,DBDA,5,3,3142,7725
Zodiaco,27-09-2013,8433,BADC,2,25,80,04
Intermedio,02-10-2013,2949,ACAB,16,6,0069,1592
Dominical,06-10-2013,159,DACD,21,11,8644,6064
Intermedio,09-10-2013,6714,DCDC,6,6,4072,0138
Dominical,13-10-2013,1017,DDCB,11,9,5839,9278
Intermedio,16-10-2013,2115,CCCA,16,1,6663,7474
Dominical,20-10-2013,8608,ABAA,13,10,9004,2307
Intermedio,23-10-2013,9179,DCCB,11,2,6328,7699
Zodiaco,25-10-2013,433,CDAB,9,21,56,41
Dominical,27-10-2013,3917,ADAD,15,1,8883,7408
Dominical,02-11-2013,2816,BACD,9,4,4993,2764
Intermedio,07-11-2013,6757,DCCB,2,10,5045,1679
Dominical,11-11-2013,1633,BDDD,15,2,1854,2513
Intermedio,14-11-2013,3627,CCAD,15,12,5224,4079
Dominical,17-11-2013,9969,BAAA,21,13,9312,7224
Intermedio,20-11-2013,2143,DDCC,14,14,0811,3569
Dominical,24-11-2013,151,DADB,4,12,3569,7927
Intermedio,27-11-2013,4667,AACD,1,12,2399,5680
Dominical,01-12-2013,5508,CDCA,22,2,9808,9761
Intermedio,04-12-2013,1626,DDBD,2,7,8470,1468
Dominical,07-12-2013,9703,DADD,16,3,6527,2507
Intermedio,11-12-2013,9179,DCAD,1,11,5598,1524
Extraordinaria,15-12-2013,21037,DBDB,2,20,94389,73452
Intermedio,18-12-2013,6700,ACCB,10,7,2072,7365
Zodiaco,20-12-2013,3169,DDCA,5,2,80,54
Dominical,22-12-2013,224,ACCB,11,13,8589,0823
Intermedio,26-12-2013,8130,DBCB,14,8,0300,3053
Intermedio,02-01-2014,2468,DBDD,4,7,9258,8504
Dominical,05-01-2014,8338,BCAA,11,11,9073,6621
Intermedio,08-01-2014,2930,DDCD,1,2,5674,3752
Dominical,12-01-2014,1756,ABCA,4,5,5094,9163
Intermedio,15-01-2014,7936,BBAA,11,2,3233,6078
Dominical,19-01-2014,461,CDBD,18,15,0758,3698
Intermedio,22-01-2014,6769,BDBD,12,4,0621,1665
Dominical,26-01-2014,5849,DBAC,10,13,7260,2605
Intermedio,29-01-2014,6443,DCDD,2,6,9078,4743
Dominical,02-02-2014,3229,CCCA,16,6,7041,3676
Intermedio,05-02-2014,6259,AABB,10,15,2439,6144
Dominical,09-02-2014,6153,CABC,12,12,2755,4257
Intermedio,12-02-2014,5237,ABDD,18,1,4993,8509
Zodiaco,14-02-2014,6592,ACBC,6,21,36,15
Dominical,16-02-2014,5380,CCDC,18,14,0816,1348
Intermedio,19-02-2014,454,DDBB,8,7,4688,7511
Dominical,23-02-2014,8462,DBAA,22,15,7976,6588
Dominical,01-03-2014,4346,AADC,12,11,2998,1446
Intermedio,06-03-2014,897,CAAD,1,1,5716,2405
Dominical,09-03-2014,4509,ACDD,4,10,2056,5124
Intermedio,12-03-2014,9005,DBCD,13,12,3317,4630
Dominical,16-03-2014,1931,DDBC,3,9,3182,9133
Intermedio,19-03-2014,7821,BDBB,11,1,1387,3325
Dominical,23-03-2014,8157,BCAB,21,2,9889,6143
Intermedio,26-03-2014,6200,BABD,17,8,1252,1100
Zodiaco,28-03-2014,1441,DAAA,1,24,88,51
Intermedio,02-04-2014,5657,CABB,15,2,6896,5345
Dominical,06-04-2014,4267,ADBD,23,9,6324,8836
Intermedio,09-04-2014,4029,BCCC,4,7,5165,4285
Extraordinaria,13-04-2014,7943,BABC,1,2,98948,86524
Intermedio,16-04-2014,2488,CBDD,17,5,7335,9945
Dominical,20-04-2014,6760,ABBC,5,10,5615,2243
Intermedio,24-04-2014,3643,CBCB,15,3,0317,6009
Dominical,27-04-2014,8351,AABC,17,13,3783,2901
Dominical,03-05-2014,8506,DAAA,17,9,6819,6704
Intermedio,07-05-2014,9503,ABBB,17,10,3201,7789
Zodiaco,09-05-2014,2993,ACDD,5,4,07,74
Dominical,11-05-2014,4318,CBBB,14,9,8770,1877
Intermedio,14-05-2014,9647,AAAB,1,6,7392,8278
Dominical,18-05-2014,1128,ACBC,23,15,0932,5619
Intermedio,21-05-2014,8646,DCCC,18,13,2492,3917
Dominical,25-05-2014,7762,BCAC,16,14,9382,2281
Intermedio,28-05-2014,6986,CCAA,2,4,5161,7100
Dominical,01-06-2014,8539,CACA,11,15,9688,6080
Intermedio,04-06-2014,7779,DDCC,15,12,3391,2501
Dominical,08-06-2014,4285,CABA,22,05,8483,2500
Intermedio,11-06-2014,4723,DDDB,3,8,9210,3415
Dominical,15-06-2014,2559,DDCB,8,7,5290,0850
Intermedio,18-06-2014,1384,CBDB,15,9,1699,5475
Dominical,22-06-2014,1358,CACA,21,6,9885,2122
Intermedio,25-06-2014,8266,BBDA,9,8,0207,0412
Zodiaco,27-06-2014,14,CDDB,8,14,92,61
Intermedio,03-07-2014,2183,BCBA,17,7,2662,1471
Dominical,06-07-2014,3989,BAAD,4,9,5119,1668
Intermedio,09-07-2014,7994,DADB,9,3,2197,9281
Dominical,13-07-2014,6783,BBAD,13,9,5470,3225
Intermedio,16-07-2014,2289,CCDD,14,1,0415,3008
Dominical,20-07-2014,1830,DDDC,8,7,5218,2518
Intermedio,23-07-2014,207,ABAC,9,9,4485,9003
Dominical,27-07-2014,3692,DBBB,9,3,2392,7504
Zodiaco,01-08-2014,6929,DDBA,4,1,27,21
Dominical,03-08-2014,5777,CABB,9,3,1225,2027
Intermedio,06-08-2014,963,BCDD,4,12,6051,9457
Dominical,10-08-2014,5814,AACC,21,13,7005,8585
Intermedio,13-08-2014,9888,CBBB,17,13,7643,7878
Extraordinaria,17-08-2014,22349,DDCB,2,3,37538,80705
Intermedio,20-08-2014,4564,CADB,2,8,1962,7638
Dominical,24-08-2014,487,CBDD,16,2,2837,3388
Intermedio,27-08-2014,58,DACB,15,10,9772,3878
Zodiaco,29-08-2014,1878,DBBA,7,14,94,74
Intermedio,03-09-2014,88,CCCA,12,5,3235,0590
Dominical,07-09-2014,9189,BBAD,9,12,3666,7268
Intermedio,10-09-2014,3278,ACAA,8,15,0027,7591
Dominical,14-09-2014,691,AAAD,20,2,9005,2417
Intermedio,17-09-2014,4502,ACCB,3,15,7621,9149
Dominical,21-09-2014,2297,BCCC,2,15,7671,2894
Intermedio,24-09-2014,1898,BDCB,11,7,4968,5839
Zodiaco,26-09-2014,3981,BCBB,6,12,69,51
Intermedio,01-10-2014,428,DBCC,17,14,1544,3759
Dominical,05-10-2014,8161,DABB,18,2,3147,1893
Intermedio,08-10-2014,6882,ACDA,9,15,3998,6115
Dominical,12-10-2014,4838,CADB,21,7,1130,2970
Intermedio,15-10-2014,2744,BDAB,6,10,6247,0211
Dominical,19-10-2014,2255,CBAC,6,4,1307,7500
Intermedio,22-10-2014,4459,BBBD,13,12,0805,5030
Zodiaco,24-10-2014,8267,CAAD,1,25,13,43
Dominical,26-10-2014,760,DCAC,13,1,1247,3732
Dominical,01-11-2014,4562,CBDC,4,12,9867,5923
Intermedio,06-11-2014,5375,CBAC,17,15,1134,5187
Dominical,09-11-2014,8248,CACB,15,15,1686,4848
Intermedio,12-11-2014,8054,ACAD,12,7,6926,9539
Dominical,16-11-2014,8041,BDBC,18,1,9257,4243
Intermedio,19-11-2014,9084,ABDB,4,5,4720,6485
Dominical,23-11-2014,2522,DDBC,11,11,5096,3839
Intermedio,26-11-2014,4470,DADD,14,3,9821,4749
Zodiaco,28-11-2014,1035,BADA,6,5,48,18
Intermedio,03-12-2014,8126,CDCC,5,5,1416,2544
Dominical,07-12-2014,5224,BBAC,2,8,6328,3384
Intermedio,10-12-2014,774,DCAD,9,10,0361,7447
Extraordinaria,14-12-2014,784,BCAB,1,2,65261,44388
Intermedio,17-12-2014,9753,AACC,7,4,9089,0829
Zodiaco,19-12-2014,8196,CBCB,4,3,66,13
Dominical,21-12-2014,1509,DDBC,18,10,8354,8458
Intermedio,24-12-2014,2400,DACC,4,7,2968,2178
Dominical,28-12-2014,8072,DDAB,22,11,2396,2663
Dominical,04-01-2015,7595,CBAD,6,9,9364,3656
Intermedio,07-01-2015,6149,CCCC,12,7,6216,7657
Dominical,11-01-2015,7445,AACA,9,13,7114,3724
Intermedio,14-01-2015,346,CCCA,18,13,1096,2862
Dominical,18-01-2015,3328,BDCA,12,12,6633,1441
Intermedio,21-01-2015,6373,ADCD,11,8,7207,9927
Dominical,25-01-2015,5772,DDAA,10,15,0606,8393
Intermedio,28-01-2015,1701,CCBA,3,3,5125,0117
Dominical,01-02-2015,2016,DBDB,18,2,2921,5594
Intermedio,04-02-2015,9482,BADC,7,5,9213,4761
Dominical,08-02-2015,6536,BBDA,10,14,2330,2656
Intermedio,11-02-2015,3996,DBDC,7,6,2446,4376
Dominical,14-02-2015,3991,ACDA,1,15,2854,1624
Intermedio,19-02-2015,4236,BBDC,3,15,1625,1369
Dominical,22-02-2015,8392,AAAD,20,2,5277,8578
Intermedio,25-02-2015,2523,DCBD,17,1,4604,9338
Dominical,01-03-2015,7795,BBBB,22,11,6607,0172
Intermedio,04-03-2015,8927,ABDB,4,9,9750,7875
Dominical,08-03-2015,3592,ADDB,22,1,3904,2279
Intermedio,11-03-2015,5444,DCBC,9,2,7560,0924
Dominical,15-03-2015,6607,CBBA,17,6,9458,0829
Intermedio,18-03-2015,4246,CCCC,4,10,7098,7662
Dominical,22-03-2015,3276,BACA,3,10,0517,5951
Intermedio,25-03-2015,3515,ADCD,8,6,2956,0013
Zodiaco,27-03-2015,9890,BCAB,9,24,97,88
Intermedio,01-04-2015,3318,DDBA,5,13,9535,6712
Dominical,06-04-2015,7199,BADA,1,11,1674,4337
Intermedio,09-04-2015,5252,DDAB,10,5,4588,2921
Dominical,12-04-2015,1767,CADC,16,1,7393,7029
Intermedio,15-04-2015,8397,DBBA,3,15,6707,6053
Extraordinaria,19-04-2015,52623,AACD,2,1,49142,34674
Intermedio,22-04-2015,7049,BAAA,6,11,7114,0908
Dominical,26-04-2015,9645,AAAC,16,15,0802,7338
Dominical,03-05-2015,7928,DBDC,21,11,9772,8729
Intermedio,06-05-2015,2473,CACB,14,6,1850,3554
Zodiaco,08-05-2015,7473,DADD,3,9,89,70
Dominical,10-05-2015,5554,ACCB,9,4,1274,4277
Intermedio,13-05-2015,4012,BCDA,9,13,8079,3412
Dominical,17-05-2015,2493,ADCA,6,14,1898,1941
Intermedio,20-05-2015,9890,CCBA,5,3,2304,7258
Dominical,24-05-2015,5427,DDDC,18,4,8844,9331
Intermedio,27-05-2015,573,CDBB,10,5,6478,5733
Zodiaco,29-05-2015,2381,DABC,4,6,03,65
Intermedio,03-06-2015,1078,BDCA,16,13,7268,3622
Dominical,07-06-2015,8041,ACDA,12,12,4030,6047
Intermedio,10-06-2015,4459,CABB,19,13,8063,3864
Dominical,14-06-2015,6325,BDCC,20,11,6098,6411
Intermedio,17-06-2015,6254,BCBB,6,4,9481,3656
Dominical,21-06-2015,3728,BAAB,20,5,8226,4819
Intermedio,24-06-2015,4245,BBAA,13,11,0136,1526
Zodiaco,26-06-2015,8024,CBBC,5,1,64,78
Intermedio,01-07-2015,8172,DBCD,4,6,9694,5016
Dominical,05-07-2015,8614,DCAC,16,1,5312,9219
Intermedio,08-07-2015,8915,DBCD,3,3,4145,6362
Dominical,12-07-2015,5194,DACD,22,1,3375,4958
Intermedio,15-07-2015,9540,ADBA,15,12,0443,0326
Dominical,19-07-2015,2889,ADAA,9,3,3815,4115
Intermedio,22-07-2015,4757,DBCD,3,15,8858,1440
Dominical,26-07-2015,233,CCDA,17,6,5165,4814
Intermedio,29-07-2015,7120,DCBC,9,5,0911,9474
Dominical,02-08-2015,7630,DBDA,3,5,1958,1162
Intermedio,05-08-2015,1863,ADDC,13,2,4855,6735
Dominical,09-08-2015,1048,BADB,3,4,5789,4237
Intermedio,12-08-2015,8412,ADAD,17,11,8349,9623
Extraordinaria,16-08-2015,51501,BCDC,1,14,52958,87037
Intermedio,19-08-2015,7535,BACD,16,5,0593,8412
Dominical,23-08-2015,9731,CACA,21,1,4515,7552
Intermedio,02-09-2015,2081,CCBC,13,6,5591,4006
Dominical,06-09-2015,1945,CBDB,1,5,4005,1086
Intermedio,09-09-2015,5514,BABB,13,11,1399,4960
Dominical,13-09-2015,4488,ADAA,5,1,7597,5427
Intermedio,16-09-2015,790,BDDD,3,12,2875,5851
Dominical,20-09-2015,5364,BDBC,21,6,7565,0590
Intermedio,23-09-2015,5870,CADC,4,8,0302,2753
Zodiaco,25-09-2015,353,BDAA,1,18,82,28
Dominical,27-09-2015,9162,DCCB,5,1,9926,1432
Dominical,05-10-2015,8791,DCBB,21,3,0585,4650
Intermedio,08-10-2015,5817,DBBA,15,11,1415,4410
Dominical,11-10-2015,100,BBCA,10,3,8235,6395
Intermedio,14-10-2015,3032,DABD,13,6,7621,2686
Dominical,18-10-2015,536,CBDB,03,10,5326,5599
Intermedio,21-10-2015,7134,CAAD,12,15,9613,4031
Dominical,25-10-2015,3929,CCAC,15,3,3791,2249
Intermedio,28-10-2015,9437,CDBB,14,13,5856,0427
Dominical,01-11-2015,3409,DAAC,12,5,0483,2020
Intermedio,04-11-2015,2031,CADC,16,11,5283,3838
Dominical,08-11-2015,1641,CCAA,1,15,7785,2558
Intermedio,11-11-2015,8506,ABAC,7,1,5116,2859
Dominical,15-11-2015,221,CBCA,7,3,1524,9189
Intermedio,18-11-2015,7318,BCBB,13,3,0191,4948
Dominical,22-11-2015,8805,DADB,5,3,8630,1866
Intermedio,25-11-2015,5919,DABD,12,7,9636,7097
Zodiaco,27-11-2015,5645,BBBC,1,15,34,46
Intermedio,02-12-2015,8088,BBCA,19,15,9962,1116
Dominical,06-12-2015,9048,BABA,15,13,3377,3028
Intermedio,09-12-2015,4097,DDCC,1,10,5291,7832
Zodiaco,11-12-2015,9741,BDCA,1,13,37,34
Dominical,13-12-2015,1181,BDDC,12,5,8929,5007
Intermedio,16-12-2015,5238,CCAC,15,9,7321,5066
Extraordinaria,20-12-2015,8344,CABD,2,7,99160,61717
Intermedio,23-12-2015,5736,BDBD,16,15,0038,7632
Dominical,27-12-2015,6270,CBAC,21,14,6482,6013
Dominical,03-01-2016,1179,CABA,11,3,5731,9138
Intermedio,06-01-2016,9475,DADD,19,5,9657,0966
Dominical,10-01-2016,5356,DBDD,1,3,6383,3401
Intermedio,13-01-2016,9125,BDDD,1,13,3761,9835
Dominical,17-01-2016,7848,AADA,15,9,4129,2224
Intermedio,20-01-2016,3563,DDBC,10,12,6226,2035
Dominical,24-01-2016,1857,DDBC,12,6,9794,4673
Intermedio,27-01-2016,8762,DBBC,6,9,3735,0545
Zodiaco,29-01-2016,9101,BADD,1,22,66,77
Intermedio,03-02-2016,5440,ABDD,11,2,2095,6375
Dominical,06-02-2016,8329,BDDA,4,12,7317,7598
Intermedio,11-02-2016,4227,BADC,19,15,6681,5471
Dominical,14-02-2016,5497,BCDA,4,8,8050,2333
Intermedio,17-02-2016,5217,ABBC,4,12,0381,1558
Dominical,21-02-2016,8483,DCBA,21,9,1656,0235
Intermedio,24-02-2016,6471,CDCB,7,6,1810,0666
Zodiaco,26-02-2016,5681,CCAC,8,5,78,41
Intermedio,02-03-2016,4418,BCBC,12,5,4427,0136
Dominical,06-03-2016,7758,DBBA,11,3,9217,4994
Intermedio,09-03-2016,9241,CCAB,1,15,6537,6950
Dominical,13-03-2016,7983,BDCC,13,15,0671,8984
Intermedio,16-03-2016,4585,CDDC,8,11,7517,9096
Zodiaco,18-03-2016,9212,BBDB,6,19,57,48
Dominical,20-03-2016,3386,DDCB,8,8,8833,7173
Intermedio,23-03-2016,7486,DBDA,1,15,6922,0364
Dominical,28-03-2016,7602,DADB,4,9,6309,3487
Dominical,03-04-2016,5844,DCCA,13,9,0653,8764
Intermedio,06-04-2016,5490,CBBC,4,3,6623,4221
Dominical,10-04-2016,9725,DDAC,8,15,2206,8057
Intermedio,13-04-2016,1529,BCCB,15,2,8514,8300
Extraordinaria,17-04-2016,16047,CCDD,3,13,29904,74849
Intermedio,20-04-2016,2612,ADDA,7,6,2575,4786
Dominical,24-04-2016,6178,DCBD,14,7,0347,5889
Intermedio,27-04-2016,5088,ACAC,16,2,6812,7547
Dominical,01-05-2016,6984,BCAA,10,3,8625,8670
Intermedio,04-05-2016,3938,DBBB,3,15,9782,1308
Dominical,08-05-2016,3431,DCCA,4,11,5412,6188
Intermedio,11-05-2016,7560,BDBC,17,6,1926,3828
Dominical,15-05-2016,7630,AABC,12,9,0376,9679
Intermedio,18-05-2016,0047,AADA,1,4,2773,4961
Dominical,22-05-2016,2577,ADAA,20,6,1092,5591
Intermedio,25-05-2016,4990,AADA,19,15,4614,0830
Zodiaco,27-05-2016,9026,DCAD,6,16,35,29
Intermedio,01-06-2016,0027,DDAC,15,6,8584,0386
Dominical,05-06-2016,4675,DAAD,6,5,5720,0381
Intermedio,08-06-2016,6630,ADDA,20,11,1695,4372
Dominical,12-06-2016,2861,DDBC,19,11,8530,5646
Intermedio,15-06-2016,1409,DDCB,11,2,7246,5401
Dominical,19-06-2016,0780,BCCD,3,10,9951,4354
Intermedio,22-06-2016,3097,CBDA,3,3,9406,3677
Zodiaco,24-06-2016,5385,ADBB,7,24,09,61
Dominical,27-06-2016,5068,DCCB,20,8,7398,8996
Dominical,03-07-2016,5365,ADDC,21,5,1171,6567
Intermedio,06-07-2016,8742,ACCA,14,6,4522,7773
Dominical,10-07-2016,0020,BBCB,21,3,4182,4642
Intermedio,13-07-2016,7701,AACB,17,13,0894,9378
Dominical,17-07-2016,1472,BCBC,24,8,9390,9156
Intermedio,20-07-2016,8484,BADC,7,14,5562,0807
Dominical,24-07-2016,0170,DADA,11,10,3784,4235
Intermedio,27-07-2016,6155,CACC,19,8,7916,3259
Zodiaco,29-07-2016,6393,AA BB,7,5,69,27
Intermedio,03-08-2016,9062,CBBC,19,7,0901,7046
Dominical,07-08-2016,8425,DACC,2,12,2197,0153
Intermedio,10-08-2016,9571,CADB,18,8,3989,4159
Extraordinaria,14-08-2016,82551,ABAB,3,8,24314,54079
Intermedio,17-08-2016,3009,BAAA,7,14,7382,1824
Dominical,21-08-2016,4854,AABD,22,8,3236,6864
Intermedio,24-08-2016,1929,DCCD,4,13,0829,4782
Dominical,28-08-2016,2289,ADCA,22,4,1703,5051
Zodiaco,02-09-2016,7461,ACBD,7,20,40,14
Dominical,04-09-2016,5933,AABB,12,7,0608,4757
Intermedio,07-09-2016,1414,BADD,6,7,3973,3780
Dominical,11-09-2016,4535,CADD,22,1,0198,0872
Intermedio,14-09-2016,4924,ACC D,6,4,8051,9390
Dominical,18-09-2016,1342,CBBB,3,15,2147,3054
Intermedio,21-09-2016,7767,DDCC,7,1,8939,7126
Dominical,25-09-2016,0836,AACD,4,13,0000,1983
Intermedio,28-09-2016,1537,DACB,3,9,9606,2551
Dominical,02-10-2016,1258,ACBB,15,14,0099,6721
Intermedio,05-10-2016,8259,ABDD,12,15,4322,4782
Dominical,09-10-2016,2505,BCBA,24,5,1413,0615
Intermedio,12-10-2016,2348,DBBC,1,12,5396,0664
Dominical,16-10-2016,6654,DADB,12,9,8146,5047
Intermedio,19-10-2016,7280,BBAC,4,7,0263,9123
Dominical,23-10-2016,6969,CBAB,1,8,1091,3705
Intermedio,26-10-2016,5435,BABD,14,3,5961,6617
Zodiaco,28-10-2016,7531,BCAD,5,5,94,50
Intermedio,02-11-2016,8468,ABAD,10,1,9540,6680
Dominical,06-11-2016,8637,DACC,11,9,0825,1220
Intermedio,09-11-2016,1346,BCAC,18,13,8518,4253
Dominical,13-11-2016,1419,AADB,16,1,7962,9722
Intermedio,16-11-2016,0726,CCDB,19,4,7517,6302
Dominical,20-11-2016,7294,BDAD,10,1,4862,2804
Intermedio,23-11-2016,0360,BCBD,17,7,8320,7979
Zodiaco,25-11-2016,6206,ACDB,9,2,99,41
Dominical,27-11-2016,6940,BCAD,20,1,4826,6912
Dominical,04-12-2016,6681,ABDC,5,10,1325,4063
Intermedio,07-12-2016,6785,DCBB,3,1,1903,7954
Dominical,11-12-2016,9554,DDAD,13,13,7277,1924
Intermedio,16-12-2016,8788,BACD,9,4,7700,7300
Extraordinaria,18-12-2016,59546,DCBD,2,1,80436,18338
Intermedio,21-12-2016,0676,BCDD,15,12,3685,5999
Dominical,24-12-2016,3470,DCCB,12,8,5678,1305
Intermedio,28-12-2016,7061,BDBC,4,2,6311,4340
Dominical,02-01-2017,8362,DBAD,16,7,7755,9184
Intermedio,05-01-2017,0843,ADCC,14,15,1896,3608
Dominical,08-01-2017,5518,BCCC,3,4,1817,1338
Intermedio,11-01-2017,2126,CBDD,11,1,7441,8136
Dominical,15-01-2017,1140,ADDB,19,9,4790,3738
Intermedio,18-01-2017,1502,CABB,19,5,4686,9944
Dominical,22-01-2017,5193,ADDD,10,4,3134,8274
Intermedio,25-01-2017,5458,BDCD,12,5,3792,5456
Zodiaco,27-01-2017,7840,ABBA,1,24,83,99
Intermedio,01-02-2017,3631,DDDB,16,3,9371,3138
Dominical,05-02-2017,1085,CCDB,5,11,5520,6407
Intermedio,08-02-2017,9649,DDBB,10,5,5555,8919
Dominical,12-02-2017,7308,BCCA,5,8,8052,0447
Intermedio,15-02-2017,1911,DDBA,6,15,0681,2279
Zodiaco,17-02-2017,4652,CCBB,2,1,78,95
Dominical,19-02-2017,1686,DADD,3,12,0734,2299
Intermedio,22-02-2017,3418,DCDC,9,11,0491,4912
Intermedio,02-03-2017,0842,BBDB,4,7,1481,2609
Dominical,05-03-2017,1332,ADBC,12,14,3229,1838
Intermedio,08-03-2017,2965,CADA,6,11,4370,1616
Dominical,12-03-2017,4886,BDBC,11,11,6657,9529
Intermedio,15-03-2017,6770,CACD,17,15,6299,0892
Dominical,19-03-2017,4387,CCBC,8,4,1537,2369
Intermedio,22-03-2017,3505,BBCA,4,8,7058,6560
Dominical,26-03-2017,5529,ADAA,4,3,1396,7855
Intermedio,29-03-2017,9045,BBCD,3,10,1818,8934
Dominical,02-04-2017,4621,BACA,11,6,9582,6217
Intermedio,05-04-2017,1194,CADD,18,15,7090,8686
Dominical,09-04-2017,0592,ADDC,7,7,1598,6827
Intermedio,12-04-2017,7440,CBDA,20,9,2419,6307
Extraordinaria,17-04-2017,76515,CDAD,3,9,30642,89292
Intermedio,20-04-2017,5244,ABDB,4,5,6779,5383
Dominical,23-04-2017,1203,ABCA,10,1,9874,6335
Intermedio,26-04-2017,5187,BDBB,2,14,0632,1386
Zodiaco,28-04-2017,4866,DDDC,5,12,99,23
Intermedio,03-05-2017,3527,DBCB,6,9,8204,9137
Dominical,07-05-2017,5351,BDDD,14,5,4345,3250
Intermedio,10-05-2017,4263,DBAD,16,12,9157,0466
Dominical,14-05-2017,4977,ADAD,23,6,8998,5284
Intermedio,17-05-2017,2996,BCCB,2,4,9465,9913
Dominical,21-05-2017,6471,CACB,19,3,0895,9726
Intermedio,24-05-2017,8394,AACB,3,11,5974,7634
Intermedio,01-06-2017,7490,DADA,20,13,7682,6240
Zodiaco,02-06-2017,4109,BCDC,8,5,70,39
Dominical,04-06-2017,9169,DCCC,3,7,5963,7971
Intermedio,07-06-2017,7642,BDDB,4,1,2266,6059
Dominical,11-06-2017,6070,ACCB,10,11,7141,2905
Intermedio,14-06-2017,3141,CCBA,15,11,1785,0944
Dominical,18-06-2017,2951,DCDB,21,6,4640,2107
Intermedio,21-06-2017,4183,CBBB,20,9,3006,0364
Dominical,25-06-2017,8984,BBAD,21,4,6710,5570
Intermedio,28-06-2017,4497,DBAC,8,4,6250,9772
Dominical,02-07-2017,6526,DDCA,24,7,1681,6808
Intermedio,05-07-2017,3475,DBBB,3,13,3535,7648
Dominical,09-07-2017,6304,CCDA,11,7,8213,9237
Intermedio,12-07-2017,8129,ABBA,19,13,8447,7940
Dominical,16-07-2017,6596,CBDD,13,7,8767,9824
Intermedio,19-07-2017,0566,AAAA ,19,8,6522,2296
Dominical,23-07-2017,6415,BADC,16,8,0129,3908
Intermedio,26-07-2017,6089,DDCA ,6,13,5725,4150
Zodiaco,28-07-2017,9685,DAAA,3,24,39,38
Intermedio,02-08-2017,6502,DDCA,18,11,4798,6589
Dominical,06-08-2017,5477,BCDD,2,5,8842,9759
Intermedio,09-08-2017,7684,CBBA,18,1,7179,2717
Dominical,13-08-2017,0274,DDDC,24,6,4193,9820
Intermedio,16-08-2017,7894,DBDC,14,7,6122,5195
Extraordinaria,20-08-2017,53316,BADD,3,8,74679,25036
Intermedio,23-08-2017,8301,ACCD,19,11,3552,1426
Dominical,27-08-2017,7421,BBCA,3,11,4726,6307
Zodiaco,01-09-2017,7269,DBBB,7,3,28,74
Dominical,03-09-2017,2728,CAAB,16,13,3979,0676
Intermedio,06-09-2017,0841,DAAB,6,9,1705,7736
Dominical,10-09-2017,8930,ACAB,3,4,7443,9682
Intermedio,13-09-2017,2076,ABCD,8,13,8318,2893
Dominical,17-09-2017,7842,ACBC,13,13,1718,2529
Intermedio,20-09-2017,7634,BAAB,14,4,8739,8290
Dominical,24-09-2017,1071,ACDA,23,11,8324,5691
Intermedio,27-09-2017,9619,ABDD,3,3,6862,2474
Dominical,01-10-2017,0413,AADB,24,10,6624,0058
Intermedio,04-10-2017,0244,BBAD,18,9,5384,0072
Dominical,08-10-2017,2990,ADDA,15,1,1976,6017
Intermedio,12-10-2017,5563,AACD,2,10,4176,2737
Dominical,15-10-2017,6048,BDDC,7,8,5559,9849
Intermedio,18-10-2017,3281,ABAD,12,5,3063,2981
Dominical,22-10-2017,1858,BDAC,14,15,1668,1396
Intermedio,25-10-2017,1500,BADC,20,7,8237,4461
Zodiaco,27-10-2017,0028,ACDD,7,19,35,43
Intermedio,01-11-2017,7076,DBDD,19,12,5516,1880
Dominical,06-11-2017,8110,BABA,19,14,2322,2627
Intermedio,09-11-2017,2192,AADB,17,7,5860,5486
Dominical,12-11-2017,0178,DABA,13,7,6677,6235
Intermedio,15-11-2017,4729,BABB,20,11,5026,9314
Dominical,19-11-2017,8056,CCAA,13,12,9078,3785
Intermedio,22-11-2017,3515,BBAC,13,15,4722,5119
Zodiaco,24-11-2017,0732,ADCB,1,8,42,46
Dominical,26-11-2017,3539,AADA,2,14,0397,6673
Dominical,03-12-2017,0187,ABCA,20,13,0427,8462
Intermedio,06-12-2017,3907,ACBA,2,1,0783,9877
Dominical,10-12-2017,1799,CAAB ,10,14,6088,4097
Intermedio,13-12-2017,0454,DAAD,7,1,1238,1041
Extraordinaria,17-12-2017,25943,DBAA,2,5,80054,69362
Intermedio,20-12-2017,8924,DDCD,4,11,2194,9133
Dominical,23-12-2017,8561,BDBC,17,8,4395,5932
Intermedio,27-12-2017,3966,ADDC,12,11,5326,8134
Zodiaco,29-12-2017,0830,ACAA,7,10,66,67
Intermedio,03-01-2018,4855,DBCC,7,11,6924,0714
Dominical,07-01-2018,8045,BBAC,13,10,1978,0138
Intermedio,10-01-2018,4249,BCAB,7,9,9953,5640
Dominical,14-01-2018,6200,DCAA,24,5,7120,7696
Intermedio,17-01-2018,8401,BBCA,4,9,7600,4478
Dominical,21-01-2018,2118,AADA,21,9,0484,7571
Intermedio,24-01-2018,9745,BCAA,19,8,4163,9245
Zodiaco,26-01-2018,4403,AAAD,6,4,25,91
Extraordinaria,28-01-2018,6315,CABC,24,8,7677,9476
Dominical,04-02-2018,3198,BDAB,13,2,7720,8778
Intermedio,07-02-2018,3030,ABDB,5,6,4674,5783
Dominical,10-02-2018,0401,ABDA,8,2,8834,0327
Intermedio,15-02-2018,0192,CBCA,3,15,5652,9641
Dominical,18-02-2018,4011,BDCD,24,12,3804,4986
Intermedio,21-02-2018,8212,DDDA,5,1,6402,0459
Dominical,25-02-2018,9646,DADB,6,4,2806,0073
Zodiaco,02-03-2018,4552,DADB,8,20,96,85
Dominical,04-03-2018,1514,ADDB,19,4,8823,5211
Intermedio,07-03-2018,8312,BCBA,5,10,3582,5297
Dominical,11-03-2018,0120,ABAC,12,1,1409,0052
Intermedio,14-03-2018,7200,ABCA,13,4,4092,2845
Dominical,18-03-2018,9701,CCAA,11,5,9518,8308
Intermedio,21-03-2018,8166,BBAB,14,10,1409,9373
Zodiaco,23-03-2018,1353,CBDB,9,24,33,21
Dominical,25-03-2018,9522,BBDC,11,11,7316,4182
Dominical,02-04-2018,6960,DACC,13,1,0591,1038
Intermedio,05-04-2018,7613,DCAC,1,10,9744,0211
Dominical,08-04-2018,1575,CDAA,6,1,9954,3630
Intermedio,11-04-2018,1834,BDBC,20,9,5667,4637
Extraordinaria,15-04-2018,36045,AABA,2,8,12438,94729
Intermedio,18-04-2018,5471,DCAB,14,9,1282,2921
Dominical,22-04-2018,9277,CBCB,21,7,6804,2770
Intermedio,25-04-2018,6828,DDAC,20,11,2933,5475
Intermedio,02-05-2018,5742,CBBD,1,6,2007,3381
Zodiaco,04-05-2018,8366,DDAA,3,7,21,45
Dominical,06-05-2018,0311,ADDA,8,5,0783,6840
Intermedio,09-05-2018,3327,CDAB,12,5,6431,3493
Dominical,13-05-2018,0151,DDCB,13,2,7983,9348
Intermedio,16-05-2018,7907,BAAB,4,8,4789,0163
Dominical,20-05-2018,9429,CDCB,2,2,7375,1631
Intermedio,23-05-2018,8590,CBAA,16,1,4943,6729
Dominical,27-05-2018,5796,ABBA,13,15,5336,9425
Zodiaco,01-06-2018,1817,DADB,8,5,34,53
Dominical,03-06-2018,6456,DCBC,20,7,2475,4592
Intermedio,06-06-2018,9403,DDAD,19,12,4851,4064
Dominical,10-06-2018,6794,ABAB,17,14,0850,2117
Intermedio,13-06-2018,9895,DBBC,1,7,6289,7281
Dominical,17-06-2018,7478,CBAB,15,9,7722,6637
Intermedio,20-06-2018,7019,DDCB,3,8,2206,7503
Dominical,23-06-2018,6242,ABBB,24,15,6276,1050
Dominical,01-07-2018,8373,BADD ,16,1,9387,1216
Intermedio,04-07-2018,2228,ACDD,20,7,1630,0260
Zodiaco,06-07-2018,3723,BDCA,2,17,33,07
Dominical,08-07-2018,5380,DCBB,10,12,4487,2630
Intermedio,11-07-2018,9680,CBDC,19,14,1211,9421
Dominical,15-07-2018,9783,CAAD,12,15,2697,8169
Intermedio,18-07-2018,5960,CABC,19,9,3358,4744
Dominical,22-07-2018,9033,DADB,12,12,8375,8150
Intermedio,25-07-2018,8159,BDAA,6,11,3507,4459
Intermedio,01-08-2018,8794,ABCD,9,5,1331,0074
Zodiaco,03-08-2018,9641,DCAD,9,21,32,64
Dominical,05-08-2018,3086,BACD,1,15,7238,5358
Intermedio,08-08-2018,6103,BDBD,4,5,7020,0131
Dominical,12-08-2018,6330,BDAC,15,15,1414,3203
Intermedio,15-08-2018,2409,DCAD,5,8,3610,1029
Extraordinaria,19-08-2018,17743,BABB,2,7,17824,97399
Intermedio,22-08-2018,9038,CCCD,10,5,2967,1660
Dominical,26-08-2018,7128,BACB,14,7,1167,9607
Intermedio,29-08-2018,6234,ACDC,10,3,4395,4862
Dominical,02-09-2018,6576,BCAD,24,3,5593,5008
Intermedio,05-09-2018,2393,BBDA,1,15,7494,1807
Dominical,09-09-2018,0146,BCCA,22,2,0159,0195
Intermedio,12-09-2018,5087,CAAA,8,4,8650,7324
Dominical,16-09-2018,7179,ABAA,3,5,7137,8730
Intermedio,19-09-2018,7472,CBBA,5,5,8555,0439
Dominical,23-09-2018,6254,BDAA,19,03,2492,0782
Intermedio,26-09-2018,1935,BBDC,15,3,5645,8694
Intermedio,03-10-2018,9238,BABA,18,2,4385,0955
Zodiaco,05-10-2018,8209,DCAA,4,23,93,64
Dominical,07-10-2018,5895,BADB,17,3,2661,8726
Intermedio,10-10-2018,0342,CAAC ,7,6,9447,0302
Dominical,14-10-2018,5444,BACB,21,13,3416,4613
Intermedio,17-10-2018,1379,CADB,21,10,9879,5703
Dominical,21-10-2018,2358,ADDA,12,14,4972,9319
Intermedio,24-10-2018,6749,CCAB,15,10,0543,5540
Dominical,28-10-2018,8274,DCDB,10,5,0214,0552
Dominical,03-11-2018,2245,CBDB,18,14,6002,8962
Intermedio,07-11-2018,1532,AADC,16,14,7777,9761
Dominical,11-11-2018,4371,DBBA,4,12,2881,6627
Intermedio,14-11-2018,2059,CAAC,1,8,1641,1301
Zodiaco,16-11-2018,1039,DDAD,3,25,34,86
Dominical,18-11-2018,9133,ACBC,5,10,8330,1521
Intermedio,21-11-2018,1294,CCBC,20,9,2918,3957
Dominical,25-11-2018,4551,ABDC,19,1,2247,9691
Intermedio,28-11-2018,4730,DDAC,11,15,3300,0667
Dominical,02-12-2018,4218,BCAA,6,12,4611,6004
Intermedio,05-12-2018,9762,ABAB,15,6,5207,0635
Dominical,09-12-2018,8640,ADBB,22,10,0953,9051
Intermedio,12-12-2018,6152,DCCA,16,8,1812,7402
Extraordinaria,16-12-2018,55222,DBAA,1,9,50555,24009
Intermedio,19-12-2018,2807,CAAD,20,8,8291,0779
Dominical,23-12-2018,0263,BCBC,4,6,1475,3551
Intermedio,26-12-2018,2998,DBBD,7,15,0487,4472
Zodiaco,28-12-2018,3072,ABBB,5,16,79,74
Intermedio,03-01-2019,4379,ABBA,18,3,7777,9401
Dominical,06-01-2019,5199,CDAD,16,2,4859,8892
Intermedio,10-01-2019,8555,CBCC,13,14,2279,2710
Dominical,13-01-2019,1081,DCDD,20,2,3599,7225
Intermedio,16-01-2019,7207,CBAC,12,1,5622,9964
Dominical,20-01-2019,9744,BADC,11,10,7103,0612
Intermedio,23-01-2019,6048,DDCD,9,5,6727,3427
Dominical,26-01-2019,9986,DDAD,20,11,2957,1659
Zodiaco,01-02-2019,6007,ACAD,9,6,15,48
Dominical,03-02-2019,8079,BDAB,10,11,8484,7154
Intermedio,06-02-2019,6054,BABC,15,10,4598,5821
Dominical,10-02-2019,3640,CAAA,12,9,1036,1783
Intermedio,13-02-2019,4488,BCDC,1,13,7293,8530
Dominical,17-02-2019,7084,DACC,3,11,8098,4935
Intermedio,20-02-2019,1730,CAAC,7,10,1671,1095
Zodiaco,22-02-2019,5827,BACC,1,19,29,25
Dominical,24-02-2019,9826,CDDA,19,1,2538,8236
Dominical,02-03-2019,4265,DCBD,9,11,2437,0832
Intermedio,07-03-2019,7705,CCDA,3,3,8009,0425
Dominical,10-03-2019,1514,BBDA,4,5,5435,9668
Intermedio,13-03-2019,3277,DDAB,7,6,1228,7142
Dominical,17-03-2019,0630,ADDA,25,13,0550,7624
Intermedio,20-03-2019,3270,ADAB,6,2,6003,6206
Dominical,24-03-2019,2054,DCAB,12,15,0409,9112
Intermedio,27-03-2019,4187,ABAC,1,3,6645,4774
Zodiaco,29-03-2019,3683,CBAB,3,4,13,16
Intermedio,03-04-2019,4961,BAAA,21,4,4566,5588
Dominical,07-04-2019,0879,BADD,11,15,5379,6169
Intermedio,10-04-2019,0994,DDCC,10,5,5328,4729
Extraordinaria,14-04-2019,15426,CDDB,3,7,77448,24726
Intermedio,17-04-2019,1867,DCCC,8,6,2342,1279
Dominical,22-04-2019,2509,DCCB,4,7,1518,0711
Intermedio,25-04-2019,3961,CBCC,21,11,0036,4853
Intermedio,01-05-2019,1405,DDBD,8,12,0543,8114
Zodiaco,03-05-2019,9307,CDDA,4,15,20,23
Dominical,06-05-2019,6714,CBDD,14,6,9916,7040
Intermedio,09-05-2019,4358,DACD,1,7,2118,8852
Dominical,12-05-2019,3664,CADB,2,3,0915,0274
Intermedio,15-05-2019,5191,ABCD,15,7,8013,5288
Dominical,19-05-2019,0874,ADCA,6,16,3604,9131
Intermedio,22-05-2019,0600,ACBC,17,10,4684,8600
Dominical,26-05-2019,8664,CDDC,16,5,3858,9142
Intermedio,29-05-2019,8598,DABB,11,11,7945,1521
